Data Test,Classe,Iniziali,Genere,WPM,Accuracy
11/12/2025,1A,B.G.,M,32,100
11/12/2025,1A,B.G.,M,39,96
11/12/2025,1A,B.J.,M,33,99
11/12/2025,1A,B.J.,M,34,100
11/12/2025,1A,B.J.,M,34,95
16/12/2025,1A,B.J.,M,33,97
16/12/2025,1A,B.J.,M,36,94
16/12/2025,1A,B.J.,M,37,96
16/12/2025,1A,B.J.,M,37,94
16/12/2025,1A,B.J.,M,35,92
16/12/2025,1A,B.J.,M,36,86
11/12/2025,1A,C.A.,F,13,99
11/12/2025,1A,C.A.,F,15,99
11/12/2025,1A,C.A.,F,15,99
27/11/2025,1A,D.P.N.,F,21,99
4/12/2025,1A,D.P.N.,F,25,100
11/12/2025,1A,D.P.N.,F,24,99
11/12/2025,1A,D.P.N.,F,25,100
11/12/2025,1A,D.P.N.,F,24,100
11/12/2025,1A,D.D.,M,15,100
11/12/2025,1A,D.D.,M,18,100
11/12/2025,1A,D.D.,M,20,100
11/12/2025,1A,I.A.M.,M,19,97
12/12/2025,1A,I.A.M.,M,22,99
11/12/2025,1A,I.A.M.,M,23,92
27/11/2025,1A,L.A.,F,34,97
11/12/2025,1A,L.A.,F,34,97
11/12/2025,1A,L.A.,F,39,95
11/12/2025,1A,L.A.,F,40,92
,1A,O.S.,M,,
,1A,P.F.,M,,
11/12/2025,1A,R.A.,M,24,99
11/12/2025,1A,R.A.,M,25,97
11/12/2025,1A,R.A.,M,23,100
11/12/2025,1A,R.R.,M,24,100
11/12/2025,1A,S.M.,M,31,100
11/12/2025,1A,S.M.,M,34,99
11/12/2025,1A,S.M.,M,35,98
27/11/2025,1A,T.G.S.,F,22,100
4/12/2025,1A,T.G.S.,F,25,100
11/12/2025,1A,T.G.S.,F,24,100
11/12/2025,1A,T.G.S.,F,25,100
11/12/2025,1A,T.G.S.,F,26,98
20/11/2025,1A,V.L.,M,23,97
4/12/2025,1A,V.L.,M,30,98
27/11/2025,1A,Z.D.,M,23,
11/12/2025,1A,Z.D.,M,20,100
11/12/2025,1A,Z.D.,M,20,100
11/12/2025,1A,Z.D.,M,13,100
11/12/2025,1A,Z.C.,F,25,97
11/12/2025,1A,Z.C.,F,25,100
11/12/2025,1A,Z.C.,F,24,98
11/12/2025,1A,Z.Y.A.,F,15,100
11/12/2025,1A,Z.Y.A.,F,16,100
11/12/2025,1A,Z.Y.A.,F,19,100
18/11/2025,1B,A.A.,F,11,97
11/11/2025,1B,B.N.,M,16,99
11/11/2025,1B,B.N.,M,24,100
18/11/2025,1B,B.N.,M,15,100
18/11/2025,1B,B.N.,M,15,100
18/11/2025,1B,B.N.,M,23,100
11/11/2025,1B,C.G.,M,44,99
11/11/2025,1B,C.G.,M,56,99
11/11/2025,1B,C.G.,M,57,100
11/11/2025,1B,C.G.,M,64,100
9/12/2025,1B,C.G.,M,63,100
9/12/2025,1B,C.G.,M,59,100
9/12/2025,1B,C.G.,M,67,100
9/12/2025,1B,C.G.,M,65,100
9/12/2025,1B,C.G.,M,70,100
16/12/2025,1B,C.G.,M,65,100
16/12/2025,1B,C.G.,M,61,100
16/12/2025,1B,C.G.,M,65,100
16/12/2025,1B,C.G.,M,68,100
18/11/2025,1B,C.M.,M,31,
18/11/2025,1B,C.M.,M,32,
18/11/2025,1B,C.M.,M,34,
16/12/2025,1B,C.M.,M,32,
16/12/2025,1B,C.M.,M,36,
16/12/2025,1B,C.M.,M,34,
16/12/2025,1B,C.M.,M,36,
9/12/2025,1B,C.V.,F,23,100
9/12/2025,1B,C.V.,F,21,98
9/12/2025,1B,C.V.,F,23,99
11/11/2025,1B,D.L.A.,M,23,100
11/11/2025,1B,D.L.A.,M,21,100
11/11/2025,1B,D.L.A.,M,26,100
18/11/2025,1B,D.L.A.,M,26,100
18/11/2025,1B,D.L.A.,M,26,100
18/11/2025,1B,D.L.A.,M,27,100
9/12/2025,1B,D.L.A.,M,27,100
9/12/2025,1B,D.L.A.,M,22,100
9/12/2025,1B,D.L.A.,M,27,100
16/12/2025,1B,D.L.A.,M,33,99
16/12/2025,1B,D.L.A.,M,32,99
16/12/2025,1B,D.L.A.,M,29,99
16/12/2025,1B,D.L.A.,M,30,96
11/11/2025,1B,F.P.,F,54,99
11/11/2025,1B,F.P.,F,63,92
11/11/2025,1B,F.P.,F,45,94
18/11/2025,1B,F.P.,F,30,97
18/11/2025,1B,F.P.,F,28,89
18/11/2025,1B,F.P.,F,35,91
18/11/2025,1B,F.P.,F,34,91
9/12/2025,1B,F.P.,F,42,98
9/12/2025,1B,F.P.,F,40,97
9/12/2025,1B,F.P.,F,38,98
11/11/2025,1B,H.T.,M,18,86
18/11/2025,1B,H.T.,M,22,94
18/11/2025,1B,H.T.,M,22,98
18/11/2025,1B,H.T.,M,23,99
16/12/2025,1B,H.T.,M,20,98
16/12/2025,1B,H.T.,M,25,98
16/12/2025,1B,H.T.,M,23,97
9/12/2025,1B,H.L.,F,11,100
9/12/2025,1B,H.L.,F,13,99
9/12/2025,1B,H.L.,F,18,88
16/12/2025,1B,K.F.,M,13,89
11/11/2025,1B,M.M.,F,21,100
11/11/2025,1B,M.M.,F,22,100
11/11/2025,1B,M.M.,F,23,93
18/11/2025,1B,M.M.,F,24,92
18/11/2025,1B,M.M.,F,22,85
18/11/2025,1B,M.M.,F,21,87
16/12/2025,1B,M.M.,F,23,83
16/12/2025,1B,M.M.,F,23,96
16/12/2025,1B,M.M.,F,23,85
16/12/2025,1B,M.M.,F,21,100
16/12/2025,1B,M.M.,F,20,100
16/12/2025,1B,M.M.,F,24,89
18/11/2025,1B,S.G.,F,11,99
18/11/2025,1B,S.G.,F,17,100
18/11/2025,1B,S.G.,F,18,100
16/12/2025,1B,S.G.,F,24,100
11/11/2025,1B,S.P.,M,18,100
11/11/2025,1B,S.P.,M,18,99
11/11/2025,1B,S.P.,M,18,100
18/11/2025,1B,S.P.,M,20,100
18/11/2025,1B,S.P.,M,22,100
18/11/2025,1B,S.P.,M,25,100
16/12/2025,1B,S.P.,M,33,100
16/12/2025,1B,S.P.,M,32,93
16/12/2025,1B,S.P.,M,35,100
16/12/2025,1B,S.P.,M,57,76
11/11/2025,1B,U.D.,M,17,100
18/11/2025,1B,U.D.,M,16,
18/11/2025,1B,U.D.,M,20,
18/11/2025,1B,U.D.,M,19,
16/12/2025,1B,U.D.,M,25,100
16/12/2025,1B,U.D.,M,27,100
16/12/2025,1B,U.D.,M,30,100
18/11/2025,1B,V.S.,M,18,93
18/11/2025,1B,V.S.,M,20,101
18/11/2025,1B,V.S.,M,21,104
11/11/2025,1B,V.D.,M,47,99
11/11/2025,1B,V.D.,M,47,99
11/11/2025,1B,V.D.,M,45,98
18/11/2025,1B,V.D.,M,44,99
18/11/2025,1B,V.D.,M,49,100
16/12/2025,1B,V.D.,M,51,92
16/12/2025,1B,V.D.,M,57,95
16/12/2025,1B,V.D.,M,54,98
9/12/2025,1B,Y.K.X.,F,18,100
9/12/2025,1B,Y.K.X.,F,17,100
9/12/2025,1B,Y.K.X.,F,18,100
16/12/2025,1B,Y.K.X.,F,18,100
16/12/2025,1B,Y.K.X.,F,22,100
16/12/2025,1B,Y.K.X.,F,20,100
11/11/2025,1B,Z.Z.,F,26,100
11/11/2025,1B,Z.Z.,F,29,100
18/11/2025,1B,Z.Z.,F,28,100
18/11/2025,1B,Z.Z.,F,27,100
18/11/2025,1B,Z.Z.,F,29,99
9/12/2025,1B,Z.Z.,F,33,98
9/12/2025,1B,Z.Z.,F,29,98
9/12/2025,1B,Z.Z.,F,32,100
16/12/2025,1B,Z.Z.,F,29,96
16/12/2025,1B,Z.Z.,F,31,96
16/12/2025,1B,Z.Z.,F,33,98
,1C,A.T.,F,,
15/12/2025,1C,A.M.,M,22,100
15/12/2025,1C,A.M.,M,22,97
,1C,B.G.K.S.,M,,
17/11/2025,1C,D.N.,M,15,95
17/11/2025,1C,D.N.,M,18,97
17/11/2025,1C,D.N.,M,19,90
17/11/2025,1C,D.N.,M,18,91
17/11/2025,1C,G.R.X.,F,18,100
17/11/2025,1C,G.R.X.,F,19,100
17/11/2025,1C,G.R.X.,F,22,100
15/12/2025,1C,G.R.X.,F,20,100
15/12/2025,1C,G.R.X.,F,24,100
15/12/2025,1C,G.R.X.,F,24,100
15/12/2025,1C,G.R.X.,F,25,100
15/12/2025,1C,G.R.X.,F,25,100
15/12/2025,1C,G.R.X.,F,26,100
15/12/2025,1C,I.S.N.,F,26,92
15/12/2025,1C,I.S.N.,F,28,77
15/12/2025,1C,I.S.N.,F,29,77
17/11/2025,1C,L.E.,F,27,100
17/11/2025,1C,L.E.,F,30,99
17/11/2025,1C,L.E.,F,32,93
15/12/2025,1C,L.E.,F,33,100
15/12/2025,1C,L.E.,F,36,100
15/12/2025,1C,L.E.,F,33,100
17/11/2025,1C,M.M.F.,F,20,100
17/11/2025,1C,M.M.F.,F,23,100
17/11/2025,1C,M.M.F.,F,24,100
15/12/2025,1C,M.M.F.,F,22,100
15/12/2025,1C,M.M.F.,F,21,99
15/12/2025,1C,M.M.F.,F,21,98
15/12/2025,1C,M.M.F.,F,25,97
17/11/2025,1C,M.M.M.,M,32,96
17/11/2025,1C,M.M.M.,M,38,98
15/12/2025,1C,M.M.M.,M,30,89
15/12/2025,1C,M.A.A.,M,22,78
15/12/2025,1C,M.A.A.,M,30,88
15/12/2025,1C,M.A.A.,M,31,92
17/11/2025,1C,P.J.,M,20,100
17/11/2025,1C,P.J.,M,24,100
17/11/2025,1C,P.J.,M,23,99
15/12/2025,1C,P.D.,M,18,98
15/12/2025,1C,P.D.,M,18,96
15/12/2025,1C,P.D.,M,21,97
17/11/2025,1C,P.C.,F,34,100
15/12/2025,1C,P.C.,F,27,98
15/12/2025,1C,P.C.,F,32,97
15/12/2025,1C,P.C.,F,33,92
15/12/2025,1C,S.L.,M,24,100
15/12/2025,1C,S.L.,M,30,100
15/12/2025,1C,S.L.,M,24,99
15/12/2025,1C,S.L.,M,32,
17/11/2025,1C,T.D.,M,18,100
17/11/2025,1C,T.D.,M,25,100
17/11/2025,1C,V.E.,M,15,100
17/11/2025,1C,V.E.,M,14,97
15/12/2025,1C,V.E.,M,14,100
15/12/2025,1C,V.E.,M,12,31
11/12/2025,1D,A.I.,M,9,100
11/12/2025,1D,A.I.,M,13,100
11/12/2025,1D,A.I.,M,14,100
11/12/2025,1D,C.G.,M,25,
11/12/2025,1D,C.G.,M,32,
11/12/2025,1D,C.G.,M,35,
11/12/2025,1D,C.G.,M,30,98
11/12/2025,1D,C.G.,M,33,100
11/12/2025,1D,C.G.,M,38,68
11/12/2025,1D,C.G.P.,M,25,98
11/12/2025,1D,C.G.P.,M,31,100
11/12/2025,1D,C.G.P.,M,32,100
11/12/2025,1D,C.G.P.,M,35,99
11/12/2025,1D,D.A.,M,18,90
11/12/2025,1D,D.A.,M,18,80
11/12/2025,1D,D.A.,M,16,91
06/11/2025,1D,D.F.E.,M,40,98
06/11/2025,1D,D.F.E.,M,42,98
06/11/2025,1D,D.F.E.,M,49,99
,1D,F.S.,M,,
06/11/2025,1D,I.S.,F,21,90
06/11/2025,1D,I.S.,F,16,96
06/11/2025,1D,I.S.,F,22,99
06/11/2025,1D,L.L.,F,24,94
06/11/2025,1D,L.L.,F,24,96
06/11/2025,1D,L.L.,F,24,90
06/11/2025,1D,M.A.,F,22,85
06/11/2025,1D,M.A.,F,22,85
06/11/2025,1D,M.A.,F,26,93
20/11/2025,1D,M.A.,F,26,100
11/12/2025,1D,M.A.,F,25,94
11/12/2025,1D,M.A.,F,25,96
11/12/2025,1D,M.A.,F,26,100
11/12/2025,1D,M.A.,F,25,98
06/11/2025,1D,M.J.,M,26,
11/12/2025,1D,M.J.,M,26,92
11/12/2025,1D,M.J.,M,21,94
11/12/2025,1D,M.J.,M,15,97
20/11/2025,1D,N.J.,M,27,100
06/11/2025,1D,P.F.,M,53,99
11/12/2025,1D,P.F.,M,53,100
11/12/2025,1D,P.F.,M,47,100
11/12/2025,1D,P.F.,M,55,99
06/11/2025,1D,S.M.,M,24,100
06/11/2025,1D,S.M.,M,28,100
06/11/2025,1D,S.M.,M,30,100
06/11/2025,1D,S.M.,M,33,100
06/11/2025,1D,S.M.,M,31,99
06/11/2025,1D,S.M.,M,29,100
27/11/2025,1D,S.M.,M,33,100
11/12/2025,1D,S.M.,M,29,100
11/12/2025,1D,S.M.,M,37,99
11/12/2025,1D,S.M.,M,45,100
06/11/2025,1D,T.N.,F,21,88
06/11/2025,1D,T.N.,F,21,83
06/11/2025,1D,T.N.,F,25,85
06/11/2025,1D,T.N.,F,27,93
20/11/2025,1D,T.N.,F,29,97
11/12/2025,1D,T.N.,F,25,97
11/12/2025,1D,T.N.,F,26,96
11/12/2025,1D,T.N.,F,29,91
06/11/2025,1D,V.G.,F,24,64
06/11/2025,1D,V.G.,F,27,84
06/11/2025,1D,Z.F.,M,23,100
06/11/2025,1D,Z.F.,M,27,100
06/11/2025,1D,Z.F.,M,25,100
11/12/2025,1D,Z.F.,M,27,100
11/12/2025,1D,Z.F.,M,27,100
11/12/2025,1D,Z.F.,M,26,100
11/12/2025,1D,Z.F.,M,28,100
11/12/2025,1D,Z.F.,M,29,100
11/12/2025,1D,Z.F.,M,31,100
28/11/2025,1E,A.A.,M,16,100
28/11/2025,1E,A.A.,M,25,100
28/11/2025,1E,A.A.,M,22,100
28/11/2025,1E,A.A.,M,29,100
28/11/2025,1E,A.A.,M,28,100
28/11/2025,1E,A.A.,M,25,100
14/11/2025,1E,A.G.,M,14,100
14/11/2025,1E,B.A.,M,8,100
12/12/2025,1E,B.A.,M,12,94
12/12/2025,1E,B.A.,M,14,97
12/12/2025,1E,B.A.,M,15,95
14/11/2025,1E,C.M.R.,M,19,100
28/11/2025,1E,C.M.R.,M,15,96
28/11/2025,1E,C.M.R.,M,16,96
28/11/2025,1E,C.M.R.,M,18,93
28/11/2025,1E,C.M.R.,M,18,97
12/12/2025,1E,C.M.R.,M,20,99
12/12/2025,1E,C.M.R.,M,22,100
12/12/2025,1E,C.M.R.,M,23,99
12/12/2025,1E,C.M.R.,M,22,99
14/11/2025,1E,C.S.,M,9,100
12/12/2025,1E,C.S.,M,9,97
12/12/2025,1E,C.S.,M,14,99
12/12/2025,1E,C.S.,M,14,99
12/12/2025,1E,C.S.,M,15,98
14/11/2025,1E,C.K.X.,M,24,100
28/11/2025,1E,C.K.X.,M,23,100
28/11/2025,1E,C.K.X.,M,23,100
28/11/2025,1E,C.K.X.,M,24,100
12/12/2025,1E,C.K.X.,M,24,98
12/12/2025,1E,C.K.X.,M,25,95
12/12/2025,1E,C.K.X.,M,27,94
14/11/2025,1E,F.D.,M,29,100
14/11/2024,1E,G.C.,F,28,100
14/11/2024,1E,G.C.,F,33,100
14/11/2024,1E,G.C.,F,33,100
5/12/2025,1E,G.C.,F,35,100
12/12/2025,1E,G.C.,F,35,100
13/12/2025,1E,G.C.,F,34,100
14/12/2025,1E,G.C.,F,36,100
15/12/2025,1E,G.C.,F,38,100
16/12/2025,1E,G.C.,F,40,100
17/12/2025,1E,G.C.,F,36,100
18/12/2025,1E,G.C.,F,37,100
19/12/2025,1E,G.C.,F,42,100
20/12/2025,1E,G.C.,F,41,100
12/12/2025,1E,K.A.,M,24,100
12/12/2025,1E,K.A.,M,21,98
12/12/2025,1E,K.A.,M,,
12/12/2025,1E,K.A.,M,26,100
14/11/2025,1E,K.J.,F,21,100
28/11/2025,1E,K.J.,F,22,100
28/11/2025,1E,K.J.,F,25,100
28/11/2025,1E,K.J.,F,26,100
28/11/2025,1E,K.J.,F,27,100
28/11/2025,1E,K.J.,F,30,100
12/12/2025,1E,K.J.,F,24,100
12/12/2025,1E,K.J.,F,27,100
12/12/2025,1E,K.J.,F,29,100
12/12/2025,1E,K.J.,F,28,100
12/12/2025,1E,K.J.,F,31,100
12/12/2025,1E,K.J.,F,30,100
12/12/2025,1E,K.J.,F,30,100
13/12/2025,1E,K.J.,F,29,100
14/12/2025,1E,K.J.,F,32,100
12/12/2025,1E,L.C.,F,21,100
12/12/2025,1E,L.C.,F,19,100
12/12/2025,1E,L.C.,F,20,99
12/12/2025,1E,L.C.,F,24,100
12/12/2025,1E,L.C.,F,22,99
12/12/2025,1E,L.C.,F,26,100
14/11/2025,1E,M.Q.L.,F,25,100
28/11/2025,1E,M.Q.L.,F,21,98
28/11/2025,1E,M.Q.L.,F,25,98
28/11/2025,1E,M.Q.L.,F,26,100
12/12/2025,1E,M.Q.L.,F,33,100
12/12/2025,1E,M.Q.L.,F,31,100
12/12/2025,1E,M.Q.L.,F,30,98
12/12/2025,1E,M.Q.L.,F,33,100
12/12/2025,1E,M.Q.L.,F,32,100
12/12/2025,1E,M.Q.L.,F,37,100
12/12/2025,1E,M.Q.L.,F,34,100
,1E,M.M.H.,M,,
,1E,N.S.,F,,
12/12/2025,1E,O.A.A.,F,16,100
12/12/2025,1E,O.A.A.,F,19,100
12/12/2025,1E,O.A.A.,F,20,100
12/12/2025,1E,O.A.A.,F,21,100
28/11/2025,1E,P.V.,F,32,100
28/11/2025,1E,P.V.,F,31,100
28/11/2025,1E,P.V.,F,35,100
12/12/2025,1E,P.V.,F,37,100
12/12/2025,1E,P.V.,F,36,99
12/12/2025,1E,P.V.,F,39,100
14/11/2025,1E,P.K.D.,M,15,100
11/12/2025,1E,S.I.,F,46,100
12/12/2025,1E,S.I.,F,37,100
12/12/2025,1E,S.I.,F,35,100
12/12/2025,1E,S.I.,F,39,100
12/12/2025,1E,S.I.,F,38,99
12/12/2025,1E,S.I.,F,45,100
12/12/2025,1E,S.I.,F,42,99
14/11/2025,1E,Z.B.,M,10,100
29/10/2025,2A,A.R.V.A.,M,30,
12/11/2025,2A,A.R.V.A.,M,33,94
12/11/2025,2A,A.R.V.A.,M,34,94
12/11/2025,2A,A.R.V.A.,M,34,88
10/12/2025,2A,B.M.,M,6,98
29/10/2025,2A,C.M.,F,30,
12/11/2025,2A,C.M.,F,23,100
12/11/2025,2A,C.M.,F,24,100
12/11/2025,2A,C.M.,F,29,98
26/11/2025,2A,C.M.,F,29,93
26/11/2025,2A,C.M.,F,30,89
26/11/2025,2A,C.M.,F,34,96
10/12/2025,2A,C.M.,F,30,89
10/12/2025,2A,C.M.,F,31,91
10/12/2025,2A,C.M.,F,33,90
29/10/2025,2A,D.R.,F,24,
12/11/2025,2A,D.R.,F,29,83
12/11/2025,2A,D.R.,F,35,87
12/11/2025,2A,D.R.,F,38,88
26/11/2025,2A,D.R.,F,37,90
26/11/2025,2A,D.R.,F,39,90
26/11/2025,2A,D.R.,F,42,89
10/12/2025,2A,D.R.,F,41,91
10/12/2025,2A,D.R.,F,42,91
10/12/2025,2A,D.R.,F,54,93
29/10/2025,2A,D.D.,F,28,
12/11/2025,2A,D.D.,F,51,100
12/11/2025,2A,D.D.,F,25,99
12/11/2025,2A,D.D.,F,48,100
29/10/2025,2A,F.P.D.,F,48,
26/11/2025,2A,F.P.D.,F,45,
26/11/2025,2A,F.P.D.,F,44,
26/11/2025,2A,F.P.D.,F,46,
10/12/2025,2A,F.P.D.,F,50,96
29/10/2025,2A,G.B.,F,22,
12/11/2025,2A,G.B.,F,19,83
12/11/2025,2A,G.B.,F,29,95
19/11/2025,2A,G.B.,F,27,95
26/11/2025,2A,G.B.,F,31,100
10/12/2025,2A,G.B.,F,34,99
29/10/2025,2A,G.S.,F,31,
26/11/2025,2A,G.S.,F,25,92
26/11/2025,2A,G.S.,F,26,97
26/11/2025,2A,G.S.,F,28,96
26/11/2025,2A,G.S.,F,29,90
10/12/2025,2A,K.R.,M,5,96
10/12/2025,2A,K.R.,M,7,
10/12/2025,2A,K.R.,M,7,
29/10/2025,2A,M.G.,M,26,
10/12/2025,2A,M.G.,M,27,100
10/12/2025,2A,M.G.,M,32,100
10/12/2025,2A,M.G.,M,34,100
10/12/2025,2A,M.G.,M,36,100
12/11/2025,2A,M.C.,M,19,100
12/11/2025,2A,M.C.,M,21,100
12/11/2025,2A,M.C.,M,22,100
12/11/2025,2A,M.C.,M,23,100
10/12/2025,2A,M.C.,M,21,100
10/12/2025,2A,M.C.,M,22,100
10/12/2025,2A,M.C.,M,23,100
12/11/2025,2A,P.G.,F,21,100
12/11/2025,2A,P.G.,F,21,100
12/11/2025,2A,P.G.,F,25,100
12/11/2025,2A,P.G.,F,26,100
26/11/2025,2A,P.G.,F,30,100
26/11/2025,2A,P.G.,F,31,100
26/11/2025,2A,P.G.,F,32,100
10/12/2025,2A,P.G.,F,29,100
10/12/2025,2A,P.G.,F,30,100
10/12/2025,2A,P.G.,F,31,100
10/12/2025,2A,P.G.,F,31,100
10/12/2025,2A,S.F.,M,26,100
10/12/2025,2A,S.F.,M,24,96
29/10/2025,2A,T.C.N.,M,18,
12/11/2025,2A,T.C.N.,M,15,94
12/11/2025,2A,T.C.N.,M,20,97
26/11/2025,2A,T.C.N.,M,16,100
26/11/2025,2A,T.C.N.,M,20,100
26/11/2025,2A,T.C.N.,M,24,97
10/12/2025,2A,T.C.N.,M,18,100
10/12/2025,2A,T.C.N.,M,22,100
10/12/2025,2A,T.C.N.,M,26,99
10/12/2025,2A,T.C.N.,M,29,99
,2A,T.F.,M,,
12/11/2025,2A,V.M.,F,37,100
12/11/2025,2A,V.M.,F,41,100
12/11/2025,2A,V.M.,F,42,100
19/11/2025,2A,V.M.,F,42,100
26/11/2025,2A,V.M.,F,41,100
26/11/2025,2A,V.M.,F,38,100
26/11/2025,2A,V.M.,F,40,100
29/10/2025,2A,V.G.,M,34,
12/11/2025,2A,V.G.,M,28,99
12/11/2025,2A,V.G.,M,29,99
12/11/2025,2A,V.G.,M,31,99
26/11/2025,2A,V.G.,M,32,
26/11/2025,2A,V.G.,M,34,
26/11/2025,2A,V.G.,M,36,
10/12/2025,2A,V.G.,M,39,97
12/11/2025,2A,Y.I.,M,25,99
12/11/2025,2A,Y.I.,M,26,100
12/11/2025,2A,Y.I.,M,25,98
19/11/2025,2A,Y.I.,M,27,
26/11/2025,2A,Y.I.,M,25,
26/11/2025,2A,Y.I.,M,25,
26/11/2025,2A,Y.I.,M,26,
10/12/2025,2A,Y.I.,M,23,
10/12/2025,2A,Y.I.,M,25,
10/12/2025,2A,Y.I.,M,26,
10/12/2025,2A,Y.I.,M,30,
12/11/2025,2A,Z.N.,F,23,99
12/11/2025,2A,Z.N.,F,25,100
12/11/2025,2A,Z.N.,F,28,100
19/11/2025,2A,Z.N.,F,26,
26/11/2025,2A,Z.N.,F,24,100
26/11/2025,2A,Z.N.,F,33,99
26/11/2025,2A,Z.N.,F,28,100
10/12/2025,2A,Z.N.,F,31,100
10/12/2025,2A,Z.N.,F,34,100
10/12/2025,2A,Z.N.,F,33,100
29/10/2025,2A,Z.L.,M,26,
26/11/2025,2A,Z.L.,M,29,
27/10/2025,2B,A.V.,M,21,
15/12/2025,2B,A.V.,M,20,98
15/12/2025,2B,A.V.,M,18,94
15/12/2025,2B,A.V.,M,20,97
15/12/2025,2B,B.Z.,M,19,100
15/12/2025,2B,B.Z.,M,22,100
15/12/2025,2B,B.Z.,M,21,100
27/10/2025,2B,B.A.,F,24,
17/11/2025,2B,B.A.,F,19,98
27/10/2025,2B,C.M.,M,53,
27/10/2025,2B,D.G.A.,M,25,
15/12/2025,2B,D.G.A.,M,30,91
,,,,,
,,,,,
,2B,D.M.N.,F,37,
27/10/2025,2B,D.G.D.M.,M,38,
15/12/2025,2B,D.G.D.M.,M,29,97
15/12/2025,2B,D.G.D.M.,M,32,94
15/12/2025,2B,D.G.D.M.,M,33,99
27/10/2025,2B,E.V.,F,15,
15/12/2025,2B,E.V.,F,9,100
15/12/2025,2B,E.V.,F,4,100
15/12/2025,2B,E.V.,F,15,100
15/12/2025,2B,G.S.,M,17,100
15/12/2025,2B,G.S.,M,20,100
15/12/2025,2B,G.S.,M,21,100
,2B,M.M.,F,,
15/12/2025,2B,M.K.,M,23,99
16/12/2025,2B,M.K.,M,20,100
17/12/2025,2B,M.K.,M,25,100
27/10/2025,2B,P.S.N.,F,18,
17/11/2025,2B,P.S.N.,F,22,98
15/12/2025,2B,P.S.N.,F,26,97
15/12/2025,2B,P.S.N.,F,26,99
15/12/2025,2B,P.S.N.,F,23,97
27/10/2025,2B,P.D.,M,27,
17/11/2025,2B,P.D.,M,24,100
15/12/2025,2B,P.D.,M,25,85
15/12/2025,2B,P.D.,M,31,95
15/12/2025,2B,P.D.,M,29,96
,2B,P.A.,F,,
27/10/2025,2B,S.J.,M,25,
15/12/2025,2B,S.J.,M,28,99
27/10/2025,2B,T.M.N.A.,F,14,
27/10/2025,2B,T.M.,M,14,
17/11/2025,2B,T.M.,M,14,93
17/11/2025,2B,T.M.,M,22,95
17/11/2025,2B,T.M.,M,25,95
27/10/2025,2B,T.T.M.,M,17,
15/12/2025,2B,T.T.M.,M,20,100
15/12/2025,2B,T.T.M.,M,20,99
15/12/2025,2B,T.T.M.,M,68,100
27/10/2025,2B,W.Z.,F,16,
23/10/2025,2C,B.F.,F,28,
13/11/2025,2C,B.F.,F,29,100
13/11/2025,2C,B.F.,F,25,100
13/11/2025,2C,B.F.,F,30,100
23/10/2025,2C,C.A.,F,19,
23/10/2025,2C,C.L.,M,26,
13/11/2025,2C,C.L.,M,25,89
11/12/2025,2C,C.L.,M,30,92
11/12/2025,2C,C.L.,M,30,89
11/12/2025,2C,C.L.,M,28,87
13/11/2025,2C,C.G.,F,29,100
13/11/2025,2C,C.G.,F,30,97
13/11/2025,2C,C.G.,F,29,100
23/10/2025,2C,D.M.A.,M,20,
6/11/2025,2C,D.M.A.,M,29,95
6/11/2025,2C,D.M.A.,M,33,92
6/11/2025,2C,D.M.A.,M,31,93
13/11/2025,2C,D.M.A.,M,24,94
13/11/2025,2C,D.M.A.,M,28,100
13/11/2025,2C,D.M.A.,M,33,95
11/12/2025,2C,D.M.A.,M,31,96
11/12/2025,2C,D.M.A.,M,34,98
11/12/2025,2C,D.M.A.,M,37,95
23/10/2025,2C,D.M.G.,F,30,
11/12/2025,2C,D.M.G.,F,28,100
11/12/2025,2C,D.M.G.,F,25,100
23/10/2025,2C,L.D.,M,24,
6/11/2025,2C,L.D.,M,24,88
6/11/2025,2C,L.D.,M,22,93
6/11/2025,2C,L.D.,M,30,92
11/12/2025,2C,L.D.,M,42,
11/12/2025,2C,L.D.,M,55,
11/12/2025,2C,L.D.,M,44,
11/12/2025,2C,L.T.,M,30,93
11/12/2025,2C,L.T.,M,27,94
11/12/2025,2C,L.T.,M,28,90
11/12/2025,2C,M.M.R.,M,7,99
11/12/2025,2C,M.M.R.,M,11,98
11/12/2025,2C,M.M.R.,M,15,100
23/10/2025,2C,M.G.,F,16,
23/10/2025,2C,S.M.,F,31,
11/12/2025,2C,S.G.,F,25,
12/12/2025,2C,S.G.,F,32,98
13/12/2025,2C,S.G.,F,30,100
23/10/2025,2C,S.V.,M,20,
11/12/2025,2C,S.V.,M,29,98
11/12/2025,2C,S.V.,M,31,99
11/12/2025,2C,S.V.,M,32,97
23/10/2025,2C,T.M.,M,30,
23/10/2025,2C,V.G.,M,38,
20/11/2025,2C,V.G.,M,50,97
20/11/2025,2C,V.G.,M,55,99
23/10/2025,2C,X.J.,F,18,
20/11/2025,2C,X.J.,F,18,
20/11/2025,2C,X.J.,F,22,
20/11/2025,2C,X.J.,F,23,
11/12/2025,2C,X.J.,F,27,96
11/12/2025,2C,X.J.,F,30,98
11/12/2025,2C,X.J.,F,32,99
23/10/2025,2C,Z.N.,F,27,
13/11/2025,2C,Z.N.,F,31,98
13/11/2025,2C,Z.N.,F,31,97
13/11/2025,2C,Z.N.,F,33,97
11/12/2025,2C,Z.N.,F,47,100
11/12/2025,2C,Z.N.,F,49,97
11/12/2025,2C,Z.N.,F,54,100
23/10/2025,2C,Z.E.S.,F,38,
13/11/2025,2C,Z.E.S.,F,46,100
11/12/2025,2C,Z.E.S.,F,41,100
12/12/2025,2C,Z.E.S.,F,52,100
23/10/2025,2C,Z.R.,F,15,
13/11/2025,2C,Z.R.,F,16,100
13/11/2025,2C,Z.R.,F,16,100
13/11/2025,2C,Z.R.,F,17,100
29/10/2025,2D,C.S.,M,48,
12/11/2025,2D,C.S.,M,62,100
26/11/2025,2D,C.S.,M,62,100
26/11/2025,2D,C.S.,M,49,100
26/11/2025,2D,C.S.,M,16,100
12/11/2025,2D,C.S.L.M.,M,60,100
26/11/2025,2D,C.S.L.M.,M,45,93
26/11/2025,2D,C.S.L.M.,M,52,100
26/11/2025,2D,C.S.L.M.,M,60,98
10/12/2025,2D,C.S.L.M.,M,68,99
10/12/2025,2D,C.S.L.M.,M,70,98
10/12/2025,2D,C.S.L.M.,M,75,97
10/12/2025,2D,C.S.L.M.,M,67,100
10/12/2025,2D,C.S.L.M.,M,79,95
10/12/2025,2D,C.S.L.M.,M,70,99
10/12/2025,2D,C.S.L.M.,M,68,100
29/10/2025,2D,D.G.I.,M,30,
12/11/2025,2D,D.G.I.,M,25,97
12/11/2025,2D,D.G.I.,M,25,99
12/11/2025,2D,D.G.I.,M,24,98
26/11/2025,2D,D.G.I.,M,29,97
26/11/2025,2D,D.G.I.,M,30,100
26/11/2025,2D,D.G.I.,M,25,99
10/12/2025,2D,D.G.I.,M,32,100
10/12/2025,2D,D.G.I.,M,32,100
10/12/2025,2D,D.G.I.,M,34,100
29/10/2025,2D,F.A.,F,25,
10/12/2025,2D,F.A.,F,33,100
10/12/2025,2D,F.A.,F,38,99
10/12/2025,2D,F.A.,F,29,95
29/10/2025,2D,L.J.H.,M,41,
12/11/2025,2D,L.J.H.,M,49,95
26/11/2025,2D,L.J.H.,M,54,100
26/11/2025,2D,L.J.H.,M,59,100
26/11/2025,2D,L.J.H.,M,57,99
10/12/2025,2D,L.J.H.,M,55,99
10/12/2025,2D,L.J.H.,M,56,100
10/12/2025,2D,L.J.H.,M,55,98
26/11/2025,2D,L.J.H.,M,55,98
10/12/2025,2D,M.L.,M,31,95
10/12/2025,2D,M.L.,M,34,96
10/12/2025,2D,M.L.,M,22,99
12/11/2025,2D,M.Y.,M,22,99
26/11/2025,2D,M.Y.,M,25,97
26/11/2025,2D,M.Y.,M,28,95
26/11/2025,2D,M.Y.,M,30,98
29/10/2025,2D,N.C.,M,36,
12/11/2025,2D,N.C.,M,60,
26/11/2025,2D,N.C.,M,35,91
26/11/2025,2D,N.C.,M,45,100
26/11/2025,2D,N.C.,M,51,96
10/12/2025,2D,N.C.,M,27,82
10/12/2025,2D,N.C.,M,34,96
10/12/2025,2D,N.C.,M,29,86
12/11/2025,2D,N.A.,F,25,100
12/11/2025,2D,N.A.,F,26,100
12/11/2025,2D,N.A.,F,29,100
10/12/2025,2D,N.A.,F,27,100
10/12/2025,2D,N.A.,F,27,100
10/12/2025,2D,N.A.,F,29,100
26/11/2025,2D,N.A.,F,34,100
12/11/2025,2D,P.T.,M,27,100
12/11/2025,2D,P.T.,M,23,97
12/11/2025,2D,P.T.,M,21,92
29/10/2025,2D,R.L.E.,F,32,
12/11/2025,2D,R.L.E.,F,31,
12/11/2025,2D,R.L.E.,F,31,
12/11/2025,2D,R.L.E.,F,29,
26/11/2025,2D,R.L.E.,F,34,
26/11/2025,2D,R.L.E.,F,27,
10/12/2025,2D,R.L.E.,F,31,99
10/12/2025,2D,R.L.E.,F,31,98
10/12/2025,2D,R.L.E.,F,37,99
26/11/2025,2D,R.L.E.,F,34,
29/10/2025,2D,R.E.N.,F,38,
26/11/2025,2D,R.E.N.,F,34,100
26/11/2025,2D,R.E.N.,F,38,98
10/12/2025,2D,R.E.N.,F,32,100
10/12/2025,2D,R.E.N.,F,35,100
10/12/2025,2D,R.E.N.,F,38,96
26/11/2025,2D,R.E.N.,F,41,100
29/10/2025,2D,R.G.,F,23,
26/11/2025,2D,R.G.,F,23,
26/11/2025,2D,R.G.,F,21,
26/11/2025,2D,R.G.,F,25,
29/10/2025,2D,S.S.,M,27,
12/11/2025,2D,S.S.,M,24,100
26/11/2025,2D,S.S.,M,28,100
26/11/2025,2D,S.S.,M,29,100
10/12/2025,2D,S.S.,M,29,98
10/12/2025,2D,S.S.,M,28,97
10/12/2025,2D,S.S.,M,31,94
26/11/2025,2D,S.S.,M,27,100
29/10/2025,2D,V.I.,M,33,
12/11/2025,2D,V.I.,M,27,
26/11/2025,2D,V.I.,M,24,
26/11/2025,2D,V.I.,M,41,
10/12/2025,2D,V.I.,M,41,100
26/11/2025,2D,V.I.,M,29,
12/11/2025,2D,Y.X.H.,M,17,100
12/11/2025,2D,Y.X.H.,M,22,100
12/11/2025,2D,Y.X.H.,M,24,100
26/11/2025,2D,Y.X.H.,M,23,100
26/11/2025,2D,Y.X.H.,M,25,100
10/12/2025,2D,Y.X.H.,M,24,100
10/12/2025,2D,Y.X.H.,M,27,100
10/12/2025,2D,Y.X.H.,M,30,100
26/11/2025,2D,Y.X.H.,M,28,100
29/10/2025,2D,Z.G.W.,M,23,
12/11/2025,2D,Z.G.W.,M,18,100
12/11/2025,2D,Z.G.W.,M,20,100
12/11/2025,2D,Z.G.W.,M,21,100
26/11/2025,2D,Z.G.W.,M,20,97
26/11/2025,2D,Z.G.W.,M,23,98
26/11/2025,2D,Z.G.W.,M,21,97
,2E,A.A.,M,,
28/10/2025,2E,B.E.M.,M,51,
16/12/2025,2E,B.E.M.,M,30,97
16/12/2025,2E,B.E.M.,M,36,99
16/12/2025,2E,B.E.M.,M,35,97
28/10/2025,2E,B.M.,M,33,
11/11/2025,2E,B.M.,M,30,100
11/11/2025,2E,B.M.,M,31,100
11/11/2025,2E,B.M.,M,42,100
28/10/2025,2E,B.E.F.,F,18,
16/12/2025,2E,B.E.F.,F,22,97
17/12/2025,2E,B.E.F.,F,24,100
28/10/2025,2E,B.G.,M,48,
9/12/2025,2E,B.G.,M,35,100
16/12/2025,2E,B.G.,M,34,95
16/12/2025,2E,B.G.,M,37,94
16/12/2025,2E,B.G.,M,44,93
11/11/2025,2E,C.E.,F,36,100
11/11/2025,2E,C.E.,F,40,100
11/11/2025,2E,C.E.,F,50,100
9/12/2025,2E,C.E.,F,30,77
9/12/2025,2E,C.E.,F,31,79
9/12/2025,2E,C.E.,F,28,75
9/12/2025,2E,C.E.,F,35,80
28/10/2025,2E,C.J.W.,M,25,
28/10/2025,2E,C.G.,M,27,
11/11/2025,2E,C.G.,M,18,97
11/11/2025,2E,C.G.,M,23,95
11/11/2025,2E,C.G.,M,23,97
9/12/2025,2E,C.G.,M,27,97
9/12/2025,2E,C.G.,M,25,98
9/12/2025,2E,C.G.,M,26,97
28/10/2025,2E,D.P.S.,F,27,
11/11/2025,2E,D.P.S.,F,28,98
11/11/2025,2E,D.P.S.,F,26,99
11/11/2025,2E,D.P.S.,F,31,96
9/12/2025,2E,D.P.S.,F,33,91
16/12/2025,2E,D.P.S.,F,34,91
28/10/2025,2E,D.N.A.,M,38,
28/10/2025,2E,D.E.,M,39,
16/12/2025,2E,D.E.,M,24,95
16/12/2025,2E,D.E.,M,25,100
16/12/2025,2E,D.E.,M,29,86
16/12/2025,2E,D.E.,M,28,98
16/12/2025,2E,D.E.,M,29,93
28/10/2025,2E,F.J.,M,23,
28/10/2025,2E,F.N.,M,23,
16/12/2025,2E,F.N.,M,25,91
16/12/2025,2E,F.N.,M,28,93
16/12/2025,2E,F.N.,M,28,95
16/12/2025,2E,F.N.,M,29,95
16/12/2025,2E,F.N.,M,27,92
28/10/2025,2E,F.F.,M,42,
16/12/2025,2E,F.F.,M,26,100
16/12/2025,2E,F.F.,M,27,98
9/12/2025,2E,K.V.,F,14,96
9/12/2025,2E,K.V.,F,15,99
9/12/2025,2E,K.V.,F,15,99
16/12/2025,2E,K.V.,F,16,99
16/12/2025,2E,K.V.,F,19,96
16/12/2025,2E,K.V.,F,17,99
9/12/2025,2E,L.E.,F,42,100
9/12/2025,2E,L.E.,F,40,100
9/12/2025,2E,L.E.,F,49,100
28/10/2025,2E,M.M.,F,12,
16/12/2025,2E,M.M.,F,17,100
28/10/2025,2E,M.S.,M,28,
11/11/2025,2E,M.S.,M,25,100
11/11/2025,2E,M.S.,M,27,100
11/11/2025,2E,M.S.,M,30,100
9/12/2025,2E,M.S.,M,28,
9/12/2025,2E,M.S.,M,30,
9/12/2025,2E,M.S.,M,26,
9/12/2025,2E,M.S.,M,29,
9/12/2025,2E,M.S.,M,28,
9/12/2025,2E,M.S.,M,28,
9/12/2025,2E,M.S.,M,28,
9/12/2025,2E,M.S.,M,27,
16/12/2025,2E,M.S.,M,35,92
17/12/2025,2E,M.S.,M,42,95
18/12/2025,2E,M.S.,M,46,97
19/12/2025,2E,M.S.,M,30,100
20/12/2025,2E,M.S.,M,32,100
21/12/2025,2E,M.S.,M,33,100
22/12/2025,2E,M.S.,M,33,100
23/12/2025,2E,M.S.,M,31,100
24/12/2025,2E,M.S.,M,33,100
25/12/2025,2E,M.S.,M,31,100
26/12/2025,2E,M.S.,M,32,100
27/12/2025,2E,M.S.,M,32,100
28/12/2025,2E,M.S.,M,34,100
29/12/2025,2E,M.S.,M,29,100
30/12/2025,2E,M.S.,M,28,100
31/12/2025,2E,M.S.,M,28,100
28/10/2025,2E,S.M.,M,22,
11/11/2025,2E,S.M.,M,23,100
11/11/2025,2E,S.M.,M,24,100
16/12/2025,2E,S.M.,M,24,99
28/10/2025,2E,S.F.,M,36,
9/12/2025,2E,S.F.,M,21,98
9/12/2025,2E,S.F.,M,36,84
9/12/2025,2E,S.F.,M,18,99
28/10/2025,2E,S.P.,F,21,
28/10/2025,2E,S.A.,F,20,
9/12/2025,2E,S.A.,F,24,98
16/12/2025,2E,S.A.,F,24,98
16/12/2025,2E,S.A.,F,29,96
16/12/2025,2E,S.A.,F,26,95
28/10/2025,2E,V.E.,F,30,
9/12/2025,2E,V.E.,F,23,98
9/12/2025,2E,V.E.,F,25,96
16/12/2025,2E,V.E.,F,27,100
16/12/2025,2E,V.E.,F,56,100
16/12/2025,2E,V.E.,F,67,100
16/12/2025,2E,V.E.,F,29,100
16/12/2025,2E,V.E.,F,22,92
16/12/2025,2E,V.E.,F,28,100
16/12/2025,2E,V.E.,F,25,100
12/12/2025,2F,A.B.,F,28,88
12/12/2025,2F,A.B.,F,37,92
12/12/2025,2F,A.B.,F,45,90
24/10/2025,2F,B.F.,M,20,
12/12/2025,2F,B.F.,M,22,99
12/12/2025,2F,B.F.,M,19,98
12/12/2025,2F,B.G.,F,30,99
,2F,C.M.J.,F,,
24/10/2025,2F,C.I.A.,M,57,
24/10/2025,2F,C.M.,M,20,
12/12/2025,2F,C.M.,M,31,99
12/12/2025,2F,C.M.,M,38,99
12/12/2025,2F,C.M.,M,35,99
12/12/2025,2F,D.M.,M,19,86
12/12/2025,2F,D.M.,M,17,78
12/12/2025,2F,D.M.,M,18,81
12/12/2025,2F,E.B.,F,26,96
12/12/2025,2F,E.B.,F,25,100
12/12/2025,2F,E.B.,F,29,100
24/10/2025,2F,G.C.,F,25,
12/12/2025,2F,G.C.,F,29,99
12/12/2025,2F,G.C.,F,27,100
12/12/2025,2F,G.C.,F,29,100
12/12/2025,2F,G.C.,F,31,100
24/10/2025,2F,L.C.M.,M,25,
12/12/2025,2F,L.C.M.,M,27,
12/12/2025,2F,L.C.M.,M,28,95
12/12/2025,2F,L.C.M.,M,29,100
,2F,L.E.,F,,
24/10/2025,2F,L.T.,M,20,
12/12/2025,2F,L.T.,M,24,80
12/12/2025,2F,L.T.,M,22,75
12/12/2025,2F,L.T.,M,29,91
24/10/2025,2F,M.I.,M,25,
12/12/2025,2F,M.I.,M,30,99
12/12/2025,2F,M.I.,M,29,98
12/12/2025,2F,M.I.,M,34,98
24/10/2025,2F,M.S.L.,M,35,
24/10/2025,2F,M.S.L.,M,40,
24/10/2025,2F,M.S.L.,M,58,
12/12/2025,2F,M.S.L.,M,43,86
24/10/2025,2F,N.G.,M,20,
24/10/2025,2F,P.M.L.,F,20,
24/10/2025,2F,P.S.,M,72,
5/12/2025,2F,P.S.,M,74,98
5/12/2025,2F,P.S.,M,102,98
12/12/2025,2F,R.A.J.,M,16,100
12/12/2025,2F,R.A.J.,M,19,100
12/12/2025,2F,R.A.J.,M,19,99
,2F,T.A.M.,F,,
12/12/2025,2F,V.A.,M,21,100
12/12/2025,2F,V.A.,M,19,97
12/12/2025,2F,V.A.,M,22,98
12/12/2025,2F,V.F.,M,15,98
12/12/2025,2F,V.F.,M,23,93
12/12/2025,2F,V.F.,M,24,94
12/12/2025,2F,Z.M.,M,37,95
12/12/2025,2F,Z.M.,M,40,99
12/12/2025,2F,Z.M.,M,39,100
27/10/2025,2G,B.E.,F,20,
15/12/2025,2G,B.E.,F,25,100
27/10/2025,2G,B.M.,M,14,
02/12/2025,2G,B.M.,M,31,100
02/12/2025,2G,B.M.,M,29,100
02/12/2025,2G,B.M.,M,28,100
27/10/2025,2G,B.Y.,M,35,
02/12/2025,2G,B.Y.,M,28,98
02/12/2025,2G,B.Y.,M,26,96
02/12/2025,2G,B.Y.,M,29,99
27/10/2025,2G,C.A.,F,18,
15/12/2025,2G,C.A.,F,16,97
15/12/2025,2G,C.A.,F,18,88
15/12/2025,2G,C.A.,F,19,90
27/10/2025,2G,C.S.,M,30,
02/12/2025,2G,C.S.,M,30,98
02/12/2025,2G,C.S.,M,32,97
02/12/2025,2G,C.S.,M,32,97
27/10/2025,2G,D.C.,M,36,
02/12/2025,2G,D.C.,M,34,99
02/12/2025,2G,D.C.,M,37,99
02/12/2025,2G,D.C.,M,38,99
15/12/2025,2G,F.G.M.,F,26,99
15/12/2025,2G,F.G.M.,F,26,100
15/12/2025,2G,F.G.M.,F,26,100
,,,,,
27/10/2025,2G,M.N.,F,19,
02/12/2025,2G,M.N.,F,23,99
02/12/2025,2G,M.N.,F,25,98
02/12/2025,2G,M.N.,F,24,98
15/12/2025,2G,M.N.,F,22,100
15/12/2025,2G,M.N.,F,25,100
15/12/2025,2G,M.N.,F,24,99
15/12/2025,2G,R.M.M.,M,15,99
15/12/2025,2G,R.M.M.,M,17,99
15/12/2025,2G,R.M.M.,M,18,99
27/10/2025,2G,R.M.,F,24,
02/12/2025,2G,R.M.,F,25,97
02/12/2025,2G,R.M.,F,30,100
02/12/2025,2G,R.M.,F,32,100
15/12/2025,2G,R.M.,F,36,100
15/12/2025,2G,R.M.,F,38,100
02/12/2025,2G,R.L.,F,32,100
02/12/2025,2G,R.L.,F,32,100
02/12/2025,2G,R.L.,F,33,100
15/12/2025,2G,R.L.,F,36,100
15/12/2025,2G,R.L.,F,36,100
15/12/2025,2G,R.L.,F,36,100
15/12/2025,2G,R.L.,F,37,100
15/12/2025,2G,R.L.,F,38,100
15/12/2025,2G,R.L.,F,38,100
27/10/2025,2G,S.S.E.,M,12,
15/12/2025,2G,S.S.E.,M,25,100
15/12/2025,2G,S.S.E.,M,22,100
27/10/2025,2G,S.D.,M,16,
02/12/2025,2G,S.D.,M,19,89
02/12/2025,2G,S.D.,M,20,90
02/12/2025,2G,S.D.,M,23,92
27/10/2025,2G,T.A.,M,25,
02/12/2025,2G,T.A.,M,29,100
02/12/2025,2G,T.A.,M,24,90
02/12/2025,2G,T.A.,M,30,100
15/12/2025,2G,T.A.,M,38,100
15/12/2025,2G,T.A.,M,40,100
15/12/2025,2G,T.A.,M,35,100
02/12/2025,2G,T.S.C.,F,24,100
02/12/2025,2G,T.S.C.,F,27,100
02/12/2025,2G,T.S.C.,F,30,100
15/12/2025,2G,T.S.C.,F,30,100
15/12/2025,2G,T.S.C.,F,30,100
15/12/2025,2G,T.S.C.,F,32,100
27/10/2025,2G,V.C.,F,29,
02/12/2025,2G,V.C.,F,26,99
02/12/2025,2G,V.C.,F,25,96
02/12/2025,2G,V.C.,F,30,100
15/12/2025,2G,V.C.,F,32,99
15/12/2025,2G,V.C.,F,33,99
27/10/2025,2G,V.P.,M,28,
02/12/2025,2G,V.P.,M,26,
02/12/2025,2G,V.P.,M,31,
02/12/2025,2G,V.P.,M,31,
15/12/2025,2G,V.P.,M,30,96
10/12/2025,PROF.,VENTURINI,M,68,100
10/12/2025,PROF.,VENTURINI,M,73,100
10/12/2025,PROF.,TREVISAN,F,64,100
16/12/2025,PROF.,MARRAFFA,F,48,96